Sample,Sim_Id,ARTCoverage,ARTCoverage--Beta-alpha,ARTCoverage--Beta-beta,AgeBin,Gender,Province,Result,Year,weight
6,30782597-b538-eb11-a2dd-c4346bcb7271,0.18,727.3,3309.7000000000003,[15:25),Female,Swaziland,0.2589086859688196,2011.5,1.0
6,30782597-b538-eb11-a2dd-c4346bcb7271,0.6,1403.2,935.8000000000001,[15:25),Female,Swaziland,0.6036546943919344,2016.5,1.0
6,30782597-b538-eb11-a2dd-c4346bcb7271,0.08,239.08,2738.92,[15:25),Male,Swaziland,0.08433734939759037,2011.5,1.0
6,30782597-b538-eb11-a2dd-c4346bcb7271,0.36,674.92,1199.08,[15:25),Male,Swaziland,0.3511450381679389,2016.5,1.0
6,30782597-b538-eb11-a2dd-c4346bcb7271,0.32,1202.92,2555.08,[25:35),Female,Swaziland,0.4180515759312321,2011.5,1.0
6,30782597-b538-eb11-a2dd-c4346bcb7271,0.8,1741.0,435.9999999999999,[25:35),Female,Swaziland,0.8213655832703451,2016.5,1.0
6,30782597-b538-eb11-a2dd-c4346bcb7271,0.21,520.96,1957.0400000000002,[25:35),Male,Swaziland,0.277804759592035,2011.5,1.0
6,30782597-b538-eb11-a2dd-c4346bcb7271,0.6,935.8,624.2,[25:35),Male,Swaziland,0.5845459106874059,2016.5,1.0
6,30782597-b538-eb11-a2dd-c4346bcb7271,0.46,1045.2,1226.8000000000002,[35:45),Female,Swaziland,0.5385338345864662,2011.5,1.0
6,30782597-b538-eb11-a2dd-c4346bcb7271,0.9,1184.5,132.49999999999997,[35:45),Female,Swaziland,0.9138840070298768,2016.5,1.0
6,30782597-b538-eb11-a2dd-c4346bcb7271,0.4,491.40000000000003,736.6,[35:45),Male,Swaziland,0.4600431965442765,2011.5,1.0
6,30782597-b538-eb11-a2dd-c4346bcb7271,0.76,586.96,186.04,[35:45),Male,Swaziland,0.74860853432282,2016.5,1.0
4,2e782597-b538-eb11-a2dd-c4346bcb7271,0.18,727.3,3309.7000000000003,[15:25),Female,Swaziland,0.2508122157244964,2011.5,1.0
4,2e782597-b538-eb11-a2dd-c4346bcb7271,0.6,1403.2,935.8000000000001,[15:25),Female,Swaziland,0.5983086680761099,2016.5,1.0
4,2e782597-b538-eb11-a2dd-c4346bcb7271,0.08,239.08,2738.92,[15:25),Male,Swaziland,0.09074410163339383,2011.5,1.0
4,2e782597-b538-eb11-a2dd-c4346bcb7271,0.36,674.92,1199.08,[15:25),Male,Swaziland,0.3758241758241758,2016.5,1.0
4,2e782597-b538-eb11-a2dd-c4346bcb7271,0.32,1202.92,2555.08,[25:35),Female,Swaziland,0.4259673808762392,2011.5,1.0
4,2e782597-b538-eb11-a2dd-c4346bcb7271,0.8,1741.0,435.9999999999999,[25:35),Female,Swaziland,0.8152974504249292,2016.5,1.0
4,2e782597-b538-eb11-a2dd-c4346bcb7271,0.21,520.96,1957.0400000000002,[25:35),Male,Swaziland,0.2818791946308725,2011.5,1.0
4,2e782597-b538-eb11-a2dd-c4346bcb7271,0.6,935.8,624.2,[25:35),Male,Swaziland,0.5914800655379574,2016.5,1.0
4,2e782597-b538-eb11-a2dd-c4346bcb7271,0.46,1045.2,1226.8000000000002,[35:45),Female,Swaziland,0.5460526315789473,2011.5,1.0
4,2e782597-b538-eb11-a2dd-c4346bcb7271,0.9,1184.5,132.49999999999997,[35:45),Female,Swaziland,0.9210033695245228,2016.5,1.0
4,2e782597-b538-eb11-a2dd-c4346bcb7271,0.4,491.40000000000003,736.6,[35:45),Male,Swaziland,0.44545454545454544,2011.5,1.0
4,2e782597-b538-eb11-a2dd-c4346bcb7271,0.76,586.96,186.04,[35:45),Male,Swaziland,0.7412761714855434,2016.5,1.0
0,2a782597-b538-eb11-a2dd-c4346bcb7271,0.18,727.3,3309.7000000000003,[15:25),Female,Swaziland,0.2536144578313253,2011.5,1.0
0,2a782597-b538-eb11-a2dd-c4346bcb7271,0.6,1403.2,935.8000000000001,[15:25),Female,Swaziland,0.6016949152542372,2016.5,1.0
0,2a782597-b538-eb11-a2dd-c4346bcb7271,0.08,239.08,2738.92,[15:25),Male,Swaziland,0.07523510971786834,2011.5,1.0
0,2a782597-b538-eb11-a2dd-c4346bcb7271,0.36,674.92,1199.08,[15:25),Male,Swaziland,0.3620309050772627,2016.5,1.0
0,2a782597-b538-eb11-a2dd-c4346bcb7271,0.32,1202.92,2555.08,[25:35),Female,Swaziland,0.4244650271478761,2011.5,1.0
0,2a782597-b538-eb11-a2dd-c4346bcb7271,0.8,1741.0,435.9999999999999,[25:35),Female,Swaziland,0.8267258109232049,2016.5,1.0
0,2a782597-b538-eb11-a2dd-c4346bcb7271,0.21,520.96,1957.0400000000002,[25:35),Male,Swaziland,0.2872233400402415,2011.5,1.0
0,2a782597-b538-eb11-a2dd-c4346bcb7271,0.6,935.8,624.2,[25:35),Male,Swaziland,0.6011560693641619,2016.5,1.0
0,2a782597-b538-eb11-a2dd-c4346bcb7271,0.46,1045.2,1226.8000000000002,[35:45),Female,Swaziland,0.5510204081632653,2011.5,1.0
0,2a782597-b538-eb11-a2dd-c4346bcb7271,0.9,1184.5,132.49999999999997,[35:45),Female,Swaziland,0.914629258517034,2016.5,1.0
0,2a782597-b538-eb11-a2dd-c4346bcb7271,0.4,491.40000000000003,736.6,[35:45),Male,Swaziland,0.4635761589403973,2011.5,1.0
0,2a782597-b538-eb11-a2dd-c4346bcb7271,0.76,586.96,186.04,[35:45),Male,Swaziland,0.7446043165467626,2016.5,1.0
14,38782597-b538-eb11-a2dd-c4346bcb7271,0.18,727.3,3309.7000000000003,[15:25),Female,Swaziland,0.2464678178963893,2011.5,1.0
14,38782597-b538-eb11-a2dd-c4346bcb7271,0.6,1403.2,935.8000000000001,[15:25),Female,Swaziland,0.5899858290033065,2016.5,1.0
14,38782597-b538-eb11-a2dd-c4346bcb7271,0.08,239.08,2738.92,[15:25),Male,Swaziland,0.0863674851820491,2011.5,1.0
14,38782597-b538-eb11-a2dd-c4346bcb7271,0.36,674.92,1199.08,[15:25),Male,Swaziland,0.3589108910891089,2016.5,1.0
14,38782597-b538-eb11-a2dd-c4346bcb7271,0.32,1202.92,2555.08,[25:35),Female,Swaziland,0.4143374741200828,2011.5,1.0
14,38782597-b538-eb11-a2dd-c4346bcb7271,0.8,1741.0,435.9999999999999,[25:35),Female,Swaziland,0.8209083119108826,2016.5,1.0
14,38782597-b538-eb11-a2dd-c4346bcb7271,0.21,520.96,1957.0400000000002,[25:35),Male,Swaziland,0.2850162866449512,2011.5,1.0
14,38782597-b538-eb11-a2dd-c4346bcb7271,0.6,935.8,624.2,[25:35),Male,Swaziland,0.5857646681628728,2016.5,1.0
14,38782597-b538-eb11-a2dd-c4346bcb7271,0.46,1045.2,1226.8000000000002,[35:45),Female,Swaziland,0.5415995705850778,2011.5,1.0
14,38782597-b538-eb11-a2dd-c4346bcb7271,0.9,1184.5,132.49999999999997,[35:45),Female,Swaziland,0.9217943628423978,2016.5,1.0
14,38782597-b538-eb11-a2dd-c4346bcb7271,0.4,491.40000000000003,736.6,[35:45),Male,Swaziland,0.4642116182572614,2011.5,1.0
14,38782597-b538-eb11-a2dd-c4346bcb7271,0.76,586.96,186.04,[35:45),Male,Swaziland,0.7496891835888935,2016.5,1.0
10,34782597-b538-eb11-a2dd-c4346bcb7271,0.18,727.3,3309.7000000000003,[15:25),Female,Swaziland,0.2584400465657741,2011.5,1.0
10,34782597-b538-eb11-a2dd-c4346bcb7271,0.6,1403.2,935.8000000000001,[15:25),Female,Swaziland,0.5991379310344828,2016.5,1.0
10,34782597-b538-eb11-a2dd-c4346bcb7271,0.08,239.08,2738.92,[15:25),Male,Swaziland,0.08726003490401396,2011.5,1.0
10,34782597-b538-eb11-a2dd-c4346bcb7271,0.36,674.92,1199.08,[15:25),Male,Swaziland,0.3171806167400881,2016.5,1.0
10,34782597-b538-eb11-a2dd-c4346bcb7271,0.32,1202.92,2555.08,[25:35),Female,Swaziland,0.41323529411764703,2011.5,1.0
10,34782597-b538-eb11-a2dd-c4346bcb7271,0.8,1741.0,435.9999999999999,[25:35),Female,Swaziland,0.8182531380753139,2016.5,1.0
10,34782597-b538-eb11-a2dd-c4346bcb7271,0.21,520.96,1957.0400000000002,[25:35),Male,Swaziland,0.2707509881422925,2011.5,1.0
10,34782597-b538-eb11-a2dd-c4346bcb7271,0.6,935.8,624.2,[25:35),Male,Swaziland,0.5895411938825851,2016.5,1.0
10,34782597-b538-eb11-a2dd-c4346bcb7271,0.46,1045.2,1226.8000000000002,[35:45),Female,Swaziland,0.5296714075527219,2011.5,1.0
10,34782597-b538-eb11-a2dd-c4346bcb7271,0.9,1184.5,132.49999999999997,[35:45),Female,Swaziland,0.9163975601004664,2016.5,1.0
10,34782597-b538-eb11-a2dd-c4346bcb7271,0.4,491.40000000000003,736.6,[35:45),Male,Swaziland,0.4532100108813928,2011.5,1.0
10,34782597-b538-eb11-a2dd-c4346bcb7271,0.76,586.96,186.04,[35:45),Male,Swaziland,0.7384830153559795,2016.5,1.0
19,3d782597-b538-eb11-a2dd-c4346bcb7271,0.18,727.3,3309.7000000000003,[15:25),Female,Swaziland,0.24480628860190906,2011.5,1.0
19,3d782597-b538-eb11-a2dd-c4346bcb7271,0.6,1403.2,935.8000000000001,[15:25),Female,Swaziland,0.6201923076923077,2016.5,1.0
19,3d782597-b538-eb11-a2dd-c4346bcb7271,0.08,239.08,2738.92,[15:25),Male,Swaziland,0.08074534161490682,2011.5,1.0
19,3d782597-b538-eb11-a2dd-c4346bcb7271,0.36,674.92,1199.08,[15:25),Male,Swaziland,0.34901960784313724,2016.5,1.0
19,3d782597-b538-eb11-a2dd-c4346bcb7271,0.32,1202.92,2555.08,[25:35),Female,Swaziland,0.4125113327289211,2011.5,1.0
19,3d782597-b538-eb11-a2dd-c4346bcb7271,0.8,1741.0,435.9999999999999,[25:35),Female,Swaziland,0.8244315177154945,2016.5,1.0
19,3d782597-b538-eb11-a2dd-c4346bcb7271,0.21,520.96,1957.0400000000002,[25:35),Male,Swaziland,0.2674081237911025,2011.5,1.0
19,3d782597-b538-eb11-a2dd-c4346bcb7271,0.6,935.8,624.2,[25:35),Male,Swaziland,0.5940254652301665,2016.5,1.0
19,3d782597-b538-eb11-a2dd-c4346bcb7271,0.46,1045.2,1226.8000000000002,[35:45),Female,Swaziland,0.5347965738758029,2011.5,1.0
19,3d782597-b538-eb11-a2dd-c4346bcb7271,0.9,1184.5,132.49999999999997,[35:45),Female,Swaziland,0.9076023391812864,2016.5,1.0
19,3d782597-b538-eb11-a2dd-c4346bcb7271,0.4,491.40000000000003,736.6,[35:45),Male,Swaziland,0.4541538461538461,2011.5,1.0
19,3d782597-b538-eb11-a2dd-c4346bcb7271,0.76,586.96,186.04,[35:45),Male,Swaziland,0.7519582245430809,2016.5,1.0
1,2b782597-b538-eb11-a2dd-c4346bcb7271,0.18,727.3,3309.7000000000003,[15:25),Female,Swaziland,0.265717674970344,2011.5,1.0
1,2b782597-b538-eb11-a2dd-c4346bcb7271,0.6,1403.2,935.8000000000001,[15:25),Female,Swaziland,0.6072118480360592,2016.5,1.0
1,2b782597-b538-eb11-a2dd-c4346bcb7271,0.08,239.08,2738.92,[15:25),Male,Swaziland,0.09144542772861357,2011.5,1.0
1,2b782597-b538-eb11-a2dd-c4346bcb7271,0.36,674.92,1199.08,[15:25),Male,Swaziland,0.3333333333333333,2016.5,1.0
1,2b782597-b538-eb11-a2dd-c4346bcb7271,0.32,1202.92,2555.08,[25:35),Female,Swaziland,0.417283950617284,2011.5,1.0
1,2b782597-b538-eb11-a2dd-c4346bcb7271,0.8,1741.0,435.9999999999999,[25:35),Female,Swaziland,0.8280605226960109,2016.5,1.0
1,2b782597-b538-eb11-a2dd-c4346bcb7271,0.21,520.96,1957.0400000000002,[25:35),Male,Swaziland,0.2775049115913556,2011.5,1.0
1,2b782597-b538-eb11-a2dd-c4346bcb7271,0.6,935.8,624.2,[25:35),Male,Swaziland,0.5978538579458355,2016.5,1.0
1,2b782597-b538-eb11-a2dd-c4346bcb7271,0.46,1045.2,1226.8000000000002,[35:45),Female,Swaziland,0.5354371443352303,2011.5,1.0
1,2b782597-b538-eb11-a2dd-c4346bcb7271,0.9,1184.5,132.49999999999997,[35:45),Female,Swaziland,0.908774642442984,2016.5,1.0
1,2b782597-b538-eb11-a2dd-c4346bcb7271,0.4,491.40000000000003,736.6,[35:45),Male,Swaziland,0.454599761051374,2011.5,1.0
1,2b782597-b538-eb11-a2dd-c4346bcb7271,0.76,586.96,186.04,[35:45),Male,Swaziland,0.7380352644836272,2016.5,1.0
5,2f782597-b538-eb11-a2dd-c4346bcb7271,0.18,727.3,3309.7000000000003,[15:25),Female,Swaziland,0.25717501406865506,2011.5,1.0
5,2f782597-b538-eb11-a2dd-c4346bcb7271,0.6,1403.2,935.8000000000001,[15:25),Female,Swaziland,0.6157469717362046,2016.5,1.0
5,2f782597-b538-eb11-a2dd-c4346bcb7271,0.08,239.08,2738.92,[15:25),Male,Swaziland,0.07705479452054795,2011.5,1.0
5,2f782597-b538-eb11-a2dd-c4346bcb7271,0.36,674.92,1199.08,[15:25),Male,Swaziland,0.3726235741444867,2016.5,1.0
5,2f782597-b538-eb11-a2dd-c4346bcb7271,0.32,1202.92,2555.08,[25:35),Female,Swaziland,0.4219066937119675,2011.5,1.0
5,2f782597-b538-eb11-a2dd-c4346bcb7271,0.8,1741.0,435.9999999999999,[25:35),Female,Swaziland,0.8222001489942885,2016.5,1.0
5,2f782597-b538-eb11-a2dd-c4346bcb7271,0.21,520.96,1957.0400000000002,[25:35),Male,Swaziland,0.2909336941813261,2011.5,1.0
5,2f782597-b538-eb11-a2dd-c4346bcb7271,0.6,935.8,624.2,[25:35),Male,Swaziland,0.5980148883374691,2016.5,1.0
5,2f782597-b538-eb11-a2dd-c4346bcb7271,0.46,1045.2,1226.8000000000002,[35:45),Female,Swaziland,0.5376072690560323,2011.5,1.0
5,2f782597-b538-eb11-a2dd-c4346bcb7271,0.9,1184.5,132.49999999999997,[35:45),Female,Swaziland,0.9147404319818112,2016.5,1.0
5,2f782597-b538-eb11-a2dd-c4346bcb7271,0.4,491.40000000000003,736.6,[35:45),Male,Swaziland,0.4524348810872027,2011.5,1.0
5,2f782597-b538-eb11-a2dd-c4346bcb7271,0.76,586.96,186.04,[35:45),Male,Swaziland,0.7529191966370855,2016.5,1.0
7,31782597-b538-eb11-a2dd-c4346bcb7271,0.18,727.3,3309.7000000000003,[15:25),Female,Swaziland,0.2555488902219556,2011.5,1.0
7,31782597-b538-eb11-a2dd-c4346bcb7271,0.6,1403.2,935.8000000000001,[15:25),Female,Swaziland,0.6002604166666666,2016.5,1.0
7,31782597-b538-eb11-a2dd-c4346bcb7271,0.08,239.08,2738.92,[15:25),Male,Swaziland,0.08139534883720931,2011.5,1.0
7,31782597-b538-eb11-a2dd-c4346bcb7271,0.36,674.92,1199.08,[15:25),Male,Swaziland,0.3302752293577982,2016.5,1.0
7,31782597-b538-eb11-a2dd-c4346bcb7271,0.32,1202.92,2555.08,[25:35),Female,Swaziland,0.4224381071764337,2011.5,1.0
7,31782597-b538-eb11-a2dd-c4346bcb7271,0.8,1741.0,435.9999999999999,[25:35),Female,Swaziland,0.8171238570241064,2016.5,1.0
7,31782597-b538-eb11-a2dd-c4346bcb7271,0.21,520.96,1957.0400000000002,[25:35),Male,Swaziland,0.27358024691358024,2011.5,1.0
7,31782597-b538-eb11-a2dd-c4346bcb7271,0.6,935.8,624.2,[25:35),Male,Swaziland,0.6046145778710016,2016.5,1.0
7,31782597-b538-eb11-a2dd-c4346bcb7271,0.46,1045.2,1226.8000000000002,[35:45),Female,Swaziland,0.5452597750401714,2011.5,1.0
7,31782597-b538-eb11-a2dd-c4346bcb7271,0.9,1184.5,132.49999999999997,[35:45),Female,Swaziland,0.9173197492163009,2016.5,1.0
7,31782597-b538-eb11-a2dd-c4346bcb7271,0.4,491.40000000000003,736.6,[35:45),Male,Swaziland,0.4548211036992117,2011.5,1.0
7,31782597-b538-eb11-a2dd-c4346bcb7271,0.76,586.96,186.04,[35:45),Male,Swaziland,0.758791480931154,2016.5,1.0
11,35782597-b538-eb11-a2dd-c4346bcb7271,0.18,727.3,3309.7000000000003,[15:25),Female,Swaziland,0.267741935483871,2011.5,1.0
11,35782597-b538-eb11-a2dd-c4346bcb7271,0.6,1403.2,935.8000000000001,[15:25),Female,Swaziland,0.6206600942991856,2016.5,1.0
11,35782597-b538-eb11-a2dd-c4346bcb7271,0.08,239.08,2738.92,[15:25),Male,Swaziland,0.09360189573459717,2011.5,1.0
11,35782597-b538-eb11-a2dd-c4346bcb7271,0.36,674.92,1199.08,[15:25),Male,Swaziland,0.345565749235474,2016.5,1.0
11,35782597-b538-eb11-a2dd-c4346bcb7271,0.32,1202.92,2555.08,[25:35),Female,Swaziland,0.4246836953926951,2011.5,1.0
11,35782597-b538-eb11-a2dd-c4346bcb7271,0.8,1741.0,435.9999999999999,[25:35),Female,Swaziland,0.8304742684157417,2016.5,1.0
11,35782597-b538-eb11-a2dd-c4346bcb7271,0.21,520.96,1957.0400000000002,[25:35),Male,Swaziland,0.28155646947168617,2011.5,1.0
11,35782597-b538-eb11-a2dd-c4346bcb7271,0.6,935.8,624.2,[25:35),Male,Swaziland,0.5986101919258769,2016.5,1.0
11,35782597-b538-eb11-a2dd-c4346bcb7271,0.46,1045.2,1226.8000000000002,[35:45),Female,Swaziland,0.5633280339162692,2011.5,1.0
11,35782597-b538-eb11-a2dd-c4346bcb7271,0.9,1184.5,132.49999999999997,[35:45),Female,Swaziland,0.915471112834432,2016.5,1.0
11,35782597-b538-eb11-a2dd-c4346bcb7271,0.4,491.40000000000003,736.6,[35:45),Male,Swaziland,0.4641350210970464,2011.5,1.0
11,35782597-b538-eb11-a2dd-c4346bcb7271,0.76,586.96,186.04,[35:45),Male,Swaziland,0.7432070417145044,2016.5,1.0
15,39782597-b538-eb11-a2dd-c4346bcb7271,0.18,727.3,3309.7000000000003,[15:25),Female,Swaziland,0.27266338721011946,2011.5,1.0
15,39782597-b538-eb11-a2dd-c4346bcb7271,0.6,1403.2,935.8000000000001,[15:25),Female,Swaziland,0.6017624842635334,2016.5,1.0
15,39782597-b538-eb11-a2dd-c4346bcb7271,0.08,239.08,2738.92,[15:25),Male,Swaziland,0.08831400535236396,2011.5,1.0
15,39782597-b538-eb11-a2dd-c4346bcb7271,0.36,674.92,1199.08,[15:25),Male,Swaziland,0.35106382978723405,2016.5,1.0
15,39782597-b538-eb11-a2dd-c4346bcb7271,0.32,1202.92,2555.08,[25:35),Female,Swaziland,0.4344962185899,2011.5,1.0
15,39782597-b538-eb11-a2dd-c4346bcb7271,0.8,1741.0,435.9999999999999,[25:35),Female,Swaziland,0.8318638507279065,2016.5,1.0
15,39782597-b538-eb11-a2dd-c4346bcb7271,0.21,520.96,1957.0400000000002,[25:35),Male,Swaziland,0.2857570317175344,2011.5,1.0
15,39782597-b538-eb11-a2dd-c4346bcb7271,0.6,935.8,624.2,[25:35),Male,Swaziland,0.5971742543171115,2016.5,1.0
15,39782597-b538-eb11-a2dd-c4346bcb7271,0.46,1045.2,1226.8000000000002,[35:45),Female,Swaziland,0.5605333333333333,2011.5,1.0
15,39782597-b538-eb11-a2dd-c4346bcb7271,0.9,1184.5,132.49999999999997,[35:45),Female,Swaziland,0.9142194744976816,2016.5,1.0
15,39782597-b538-eb11-a2dd-c4346bcb7271,0.4,491.40000000000003,736.6,[35:45),Male,Swaziland,0.4634950541686293,2011.5,1.0
15,39782597-b538-eb11-a2dd-c4346bcb7271,0.76,586.96,186.04,[35:45),Male,Swaziland,0.7500958221540821,2016.5,1.0
16,3a782597-b538-eb11-a2dd-c4346bcb7271,0.18,727.3,3309.7000000000003,[15:25),Female,Swaziland,0.25609756097560976,2011.5,1.0
16,3a782597-b538-eb11-a2dd-c4346bcb7271,0.6,1403.2,935.8000000000001,[15:25),Female,Swaziland,0.6059498956158664,2016.5,1.0
16,3a782597-b538-eb11-a2dd-c4346bcb7271,0.08,239.08,2738.92,[15:25),Male,Swaziland,0.0914351851851852,2011.5,1.0
16,3a782597-b538-eb11-a2dd-c4346bcb7271,0.36,674.92,1199.08,[15:25),Male,Swaziland,0.3375594294770206,2016.5,1.0
16,3a782597-b538-eb11-a2dd-c4346bcb7271,0.32,1202.92,2555.08,[25:35),Female,Swaziland,0.41834625322997415,2011.5,1.0
16,3a782597-b538-eb11-a2dd-c4346bcb7271,0.8,1741.0,435.9999999999999,[25:35),Female,Swaziland,0.8236327696024599,2016.5,1.0
16,3a782597-b538-eb11-a2dd-c4346bcb7271,0.21,520.96,1957.0400000000002,[25:35),Male,Swaziland,0.2722323049001815,2011.5,1.0
16,3a782597-b538-eb11-a2dd-c4346bcb7271,0.6,935.8,624.2,[25:35),Male,Swaziland,0.5944837868058144,2016.5,1.0
16,3a782597-b538-eb11-a2dd-c4346bcb7271,0.46,1045.2,1226.8000000000002,[35:45),Female,Swaziland,0.5506543868153175,2011.5,1.0
16,3a782597-b538-eb11-a2dd-c4346bcb7271,0.9,1184.5,132.49999999999997,[35:45),Female,Swaziland,0.9117963427751884,2016.5,1.0
16,3a782597-b538-eb11-a2dd-c4346bcb7271,0.4,491.40000000000003,736.6,[35:45),Male,Swaziland,0.4633317144244779,2011.5,1.0
16,3a782597-b538-eb11-a2dd-c4346bcb7271,0.76,586.96,186.04,[35:45),Male,Swaziland,0.7465610671112963,2016.5,1.0
2,2c782597-b538-eb11-a2dd-c4346bcb7271,0.18,727.3,3309.7000000000003,[15:25),Female,Swaziland,0.2523696682464455,2011.5,1.0
2,2c782597-b538-eb11-a2dd-c4346bcb7271,0.6,1403.2,935.8000000000001,[15:25),Female,Swaziland,0.6083445491251682,2016.5,1.0
2,2c782597-b538-eb11-a2dd-c4346bcb7271,0.08,239.08,2738.92,[15:25),Male,Swaziland,0.08089500860585197,2011.5,1.0
2,2c782597-b538-eb11-a2dd-c4346bcb7271,0.36,674.92,1199.08,[15:25),Male,Swaziland,0.3449691991786448,2016.5,1.0
2,2c782597-b538-eb11-a2dd-c4346bcb7271,0.32,1202.92,2555.08,[25:35),Female,Swaziland,0.416010085092972,2011.5,1.0
2,2c782597-b538-eb11-a2dd-c4346bcb7271,0.8,1741.0,435.9999999999999,[25:35),Female,Swaziland,0.8178501262980634,2016.5,1.0
2,2c782597-b538-eb11-a2dd-c4346bcb7271,0.21,520.96,1957.0400000000002,[25:35),Male,Swaziland,0.27587939698492464,2011.5,1.0
2,2c782597-b538-eb11-a2dd-c4346bcb7271,0.6,935.8,624.2,[25:35),Male,Swaziland,0.6007364544976328,2016.5,1.0
2,2c782597-b538-eb11-a2dd-c4346bcb7271,0.46,1045.2,1226.8000000000002,[35:45),Female,Swaziland,0.5349686847599165,2011.5,1.0
2,2c782597-b538-eb11-a2dd-c4346bcb7271,0.9,1184.5,132.49999999999997,[35:45),Female,Swaziland,0.9155092592592592,2016.5,1.0
2,2c782597-b538-eb11-a2dd-c4346bcb7271,0.4,491.40000000000003,736.6,[35:45),Male,Swaziland,0.4571428571428571,2011.5,1.0
2,2c782597-b538-eb11-a2dd-c4346bcb7271,0.76,586.96,186.04,[35:45),Male,Swaziland,0.7439024390243902,2016.5,1.0
12,36782597-b538-eb11-a2dd-c4346bcb7271,0.18,727.3,3309.7000000000003,[15:25),Female,Swaziland,0.2531645569620253,2011.5,1.0
12,36782597-b538-eb11-a2dd-c4346bcb7271,0.6,1403.2,935.8000000000001,[15:25),Female,Swaziland,0.6205567451820129,2016.5,1.0
12,36782597-b538-eb11-a2dd-c4346bcb7271,0.08,239.08,2738.92,[15:25),Male,Swaziland,0.07326283987915408,2011.5,1.0
12,36782597-b538-eb11-a2dd-c4346bcb7271,0.36,674.92,1199.08,[15:25),Male,Swaziland,0.3614457831325301,2016.5,1.0
12,36782597-b538-eb11-a2dd-c4346bcb7271,0.32,1202.92,2555.08,[25:35),Female,Swaziland,0.4130596092010883,2011.5,1.0
12,36782597-b538-eb11-a2dd-c4346bcb7271,0.8,1741.0,435.9999999999999,[25:35),Female,Swaziland,0.8254978443851365,2016.5,1.0
12,36782597-b538-eb11-a2dd-c4346bcb7271,0.21,520.96,1957.0400000000002,[25:35),Male,Swaziland,0.2797687861271677,2011.5,1.0
12,36782597-b538-eb11-a2dd-c4346bcb7271,0.6,935.8,624.2,[25:35),Male,Swaziland,0.5971563981042654,2016.5,1.0
12,36782597-b538-eb11-a2dd-c4346bcb7271,0.46,1045.2,1226.8000000000002,[35:45),Female,Swaziland,0.5479833101529903,2011.5,1.0
12,36782597-b538-eb11-a2dd-c4346bcb7271,0.9,1184.5,132.49999999999997,[35:45),Female,Swaziland,0.912923923006416,2016.5,1.0
12,36782597-b538-eb11-a2dd-c4346bcb7271,0.4,491.40000000000003,736.6,[35:45),Male,Swaziland,0.4604519774011299,2011.5,1.0
12,36782597-b538-eb11-a2dd-c4346bcb7271,0.76,586.96,186.04,[35:45),Male,Swaziland,0.7487288135593221,2016.5,1.0
8,32782597-b538-eb11-a2dd-c4346bcb7271,0.18,727.3,3309.7000000000003,[15:25),Female,Swaziland,0.2590618336886993,2011.5,1.0
8,32782597-b538-eb11-a2dd-c4346bcb7271,0.6,1403.2,935.8000000000001,[15:25),Female,Swaziland,0.5985445724681625,2016.5,1.0
8,32782597-b538-eb11-a2dd-c4346bcb7271,0.08,239.08,2738.92,[15:25),Male,Swaziland,0.07868020304568528,2011.5,1.0
8,32782597-b538-eb11-a2dd-c4346bcb7271,0.36,674.92,1199.08,[15:25),Male,Swaziland,0.35195530726256985,2016.5,1.0
8,32782597-b538-eb11-a2dd-c4346bcb7271,0.32,1202.92,2555.08,[25:35),Female,Swaziland,0.4146193509250834,2011.5,1.0
8,32782597-b538-eb11-a2dd-c4346bcb7271,0.8,1741.0,435.9999999999999,[25:35),Female,Swaziland,0.8233024691358025,2016.5,1.0
8,32782597-b538-eb11-a2dd-c4346bcb7271,0.21,520.96,1957.0400000000002,[25:35),Male,Swaziland,0.2847797645006542,2011.5,1.0
8,32782597-b538-eb11-a2dd-c4346bcb7271,0.6,935.8,624.2,[25:35),Male,Swaziland,0.5912573231185219,2016.5,1.0
8,32782597-b538-eb11-a2dd-c4346bcb7271,0.46,1045.2,1226.8000000000002,[35:45),Female,Swaziland,0.5454073689673067,2011.5,1.0
8,32782597-b538-eb11-a2dd-c4346bcb7271,0.9,1184.5,132.49999999999997,[35:45),Female,Swaziland,0.9135944700460831,2016.5,1.0
8,32782597-b538-eb11-a2dd-c4346bcb7271,0.4,491.40000000000003,736.6,[35:45),Male,Swaziland,0.4598240469208211,2011.5,1.0
8,32782597-b538-eb11-a2dd-c4346bcb7271,0.76,586.96,186.04,[35:45),Male,Swaziland,0.742814667988107,2016.5,1.0
17,3b782597-b538-eb11-a2dd-c4346bcb7271,0.18,727.3,3309.7000000000003,[15:25),Female,Swaziland,0.2609773371104816,2011.5,1.0
17,3b782597-b538-eb11-a2dd-c4346bcb7271,0.6,1403.2,935.8000000000001,[15:25),Female,Swaziland,0.6122961104140527,2016.5,1.0
17,3b782597-b538-eb11-a2dd-c4346bcb7271,0.08,239.08,2738.92,[15:25),Male,Swaziland,0.0867430441898527,2011.5,1.0
17,3b782597-b538-eb11-a2dd-c4346bcb7271,0.36,674.92,1199.08,[15:25),Male,Swaziland,0.351089588377724,2016.5,1.0
17,3b782597-b538-eb11-a2dd-c4346bcb7271,0.32,1202.92,2555.08,[25:35),Female,Swaziland,0.4269527483124397,2011.5,1.0
17,3b782597-b538-eb11-a2dd-c4346bcb7271,0.8,1741.0,435.9999999999999,[25:35),Female,Swaziland,0.8205599836501124,2016.5,1.0
17,3b782597-b538-eb11-a2dd-c4346bcb7271,0.21,520.96,1957.0400000000002,[25:35),Male,Swaziland,0.2808471454880295,2011.5,1.0
17,3b782597-b538-eb11-a2dd-c4346bcb7271,0.6,935.8,624.2,[25:35),Male,Swaziland,0.5904024767801858,2016.5,1.0
17,3b782597-b538-eb11-a2dd-c4346bcb7271,0.46,1045.2,1226.8000000000002,[35:45),Female,Swaziland,0.5568965517241379,2011.5,1.0
17,3b782597-b538-eb11-a2dd-c4346bcb7271,0.9,1184.5,132.49999999999997,[35:45),Female,Swaziland,0.917104731095835,2016.5,1.0
17,3b782597-b538-eb11-a2dd-c4346bcb7271,0.4,491.40000000000003,736.6,[35:45),Male,Swaziland,0.4692823954568921,2011.5,1.0
17,3b782597-b538-eb11-a2dd-c4346bcb7271,0.76,586.96,186.04,[35:45),Male,Swaziland,0.7435265104808878,2016.5,1.0
3,2d782597-b538-eb11-a2dd-c4346bcb7271,0.18,727.3,3309.7000000000003,[15:25),Female,Swaziland,0.2493625701172871,2011.5,1.0
3,2d782597-b538-eb11-a2dd-c4346bcb7271,0.6,1403.2,935.8000000000001,[15:25),Female,Swaziland,0.6128101557991922,2016.5,1.0
3,2d782597-b538-eb11-a2dd-c4346bcb7271,0.08,239.08,2738.92,[15:25),Male,Swaziland,0.0814111261872456,2011.5,1.0
3,2d782597-b538-eb11-a2dd-c4346bcb7271,0.36,674.92,1199.08,[15:25),Male,Swaziland,0.37184115523465705,2016.5,1.0
3,2d782597-b538-eb11-a2dd-c4346bcb7271,0.32,1202.92,2555.08,[25:35),Female,Swaziland,0.4277286135693215,2011.5,1.0
3,2d782597-b538-eb11-a2dd-c4346bcb7271,0.8,1741.0,435.9999999999999,[25:35),Female,Swaziland,0.815351711026616,2016.5,1.0
3,2d782597-b538-eb11-a2dd-c4346bcb7271,0.21,520.96,1957.0400000000002,[25:35),Male,Swaziland,0.27896277708071937,2011.5,1.0
3,2d782597-b538-eb11-a2dd-c4346bcb7271,0.6,935.8,624.2,[25:35),Male,Swaziland,0.5808726311150286,2016.5,1.0
3,2d782597-b538-eb11-a2dd-c4346bcb7271,0.46,1045.2,1226.8000000000002,[35:45),Female,Swaziland,0.5393996247654784,2011.5,1.0
3,2d782597-b538-eb11-a2dd-c4346bcb7271,0.9,1184.5,132.49999999999997,[35:45),Female,Swaziland,0.9090909090909092,2016.5,1.0
3,2d782597-b538-eb11-a2dd-c4346bcb7271,0.4,491.40000000000003,736.6,[35:45),Male,Swaziland,0.4666332162568991,2011.5,1.0
3,2d782597-b538-eb11-a2dd-c4346bcb7271,0.76,586.96,186.04,[35:45),Male,Swaziland,0.7433704020530368,2016.5,1.0
13,37782597-b538-eb11-a2dd-c4346bcb7271,0.18,727.3,3309.7000000000003,[15:25),Female,Swaziland,0.23890784982935154,2011.5,1.0
13,37782597-b538-eb11-a2dd-c4346bcb7271,0.6,1403.2,935.8000000000001,[15:25),Female,Swaziland,0.6190145732130465,2016.5,1.0
13,37782597-b538-eb11-a2dd-c4346bcb7271,0.08,239.08,2738.92,[15:25),Male,Swaziland,0.08695652173913042,2011.5,1.0
13,37782597-b538-eb11-a2dd-c4346bcb7271,0.36,674.92,1199.08,[15:25),Male,Swaziland,0.3516483516483517,2016.5,1.0
13,37782597-b538-eb11-a2dd-c4346bcb7271,0.32,1202.92,2555.08,[25:35),Female,Swaziland,0.41162924582613697,2011.5,1.0
13,37782597-b538-eb11-a2dd-c4346bcb7271,0.8,1741.0,435.9999999999999,[25:35),Female,Swaziland,0.8252890899949723,2016.5,1.0
13,37782597-b538-eb11-a2dd-c4346bcb7271,0.21,520.96,1957.0400000000002,[25:35),Male,Swaziland,0.2763731473408893,2011.5,1.0
13,37782597-b538-eb11-a2dd-c4346bcb7271,0.6,935.8,624.2,[25:35),Male,Swaziland,0.5876336587633659,2016.5,1.0
13,37782597-b538-eb11-a2dd-c4346bcb7271,0.46,1045.2,1226.8000000000002,[35:45),Female,Swaziland,0.538659793814433,2011.5,1.0
13,37782597-b538-eb11-a2dd-c4346bcb7271,0.9,1184.5,132.49999999999997,[35:45),Female,Swaziland,0.9171042760690172,2016.5,1.0
13,37782597-b538-eb11-a2dd-c4346bcb7271,0.4,491.40000000000003,736.6,[35:45),Male,Swaziland,0.4535673839184598,2011.5,1.0
13,37782597-b538-eb11-a2dd-c4346bcb7271,0.76,586.96,186.04,[35:45),Male,Swaziland,0.7503573130061935,2016.5,1.0
9,33782597-b538-eb11-a2dd-c4346bcb7271,0.18,727.3,3309.7000000000003,[15:25),Female,Swaziland,0.2708002119766826,2011.5,1.0
9,33782597-b538-eb11-a2dd-c4346bcb7271,0.6,1403.2,935.8000000000001,[15:25),Female,Swaziland,0.6152032999410725,2016.5,1.0
9,33782597-b538-eb11-a2dd-c4346bcb7271,0.08,239.08,2738.92,[15:25),Male,Swaziland,0.08724832214765099,2011.5,1.0
9,33782597-b538-eb11-a2dd-c4346bcb7271,0.36,674.92,1199.08,[15:25),Male,Swaziland,0.3377609108159393,2016.5,1.0
9,33782597-b538-eb11-a2dd-c4346bcb7271,0.32,1202.92,2555.08,[25:35),Female,Swaziland,0.41805721096543497,2011.5,1.0
9,33782597-b538-eb11-a2dd-c4346bcb7271,0.8,1741.0,435.9999999999999,[25:35),Female,Swaziland,0.8195916257430861,2016.5,1.0
9,33782597-b538-eb11-a2dd-c4346bcb7271,0.21,520.96,1957.0400000000002,[25:35),Male,Swaziland,0.28488631297369593,2011.5,1.0
9,33782597-b538-eb11-a2dd-c4346bcb7271,0.6,935.8,624.2,[25:35),Male,Swaziland,0.5938903863432166,2016.5,1.0
9,33782597-b538-eb11-a2dd-c4346bcb7271,0.46,1045.2,1226.8000000000002,[35:45),Female,Swaziland,0.539906103286385,2011.5,1.0
9,33782597-b538-eb11-a2dd-c4346bcb7271,0.9,1184.5,132.49999999999997,[35:45),Female,Swaziland,0.9179873217115688,2016.5,1.0
9,33782597-b538-eb11-a2dd-c4346bcb7271,0.4,491.40000000000003,736.6,[35:45),Male,Swaziland,0.4585448392554992,2011.5,1.0
9,33782597-b538-eb11-a2dd-c4346bcb7271,0.76,586.96,186.04,[35:45),Male,Swaziland,0.7428013665202537,2016.5,1.0
18,3c782597-b538-eb11-a2dd-c4346bcb7271,0.18,727.3,3309.7000000000003,[15:25),Female,Swaziland,0.2357092448835568,2011.5,1.0
18,3c782597-b538-eb11-a2dd-c4346bcb7271,0.6,1403.2,935.8000000000001,[15:25),Female,Swaziland,0.6113427856547122,2016.5,1.0
18,3c782597-b538-eb11-a2dd-c4346bcb7271,0.08,239.08,2738.92,[15:25),Male,Swaziland,0.064030131826742,2011.5,1.0
18,3c782597-b538-eb11-a2dd-c4346bcb7271,0.36,674.92,1199.08,[15:25),Male,Swaziland,0.3627684964200477,2016.5,1.0
18,3c782597-b538-eb11-a2dd-c4346bcb7271,0.32,1202.92,2555.08,[25:35),Female,Swaziland,0.4226044226044226,2011.5,1.0
18,3c782597-b538-eb11-a2dd-c4346bcb7271,0.8,1741.0,435.9999999999999,[25:35),Female,Swaziland,0.8215488215488216,2016.5,1.0
18,3c782597-b538-eb11-a2dd-c4346bcb7271,0.21,520.96,1957.0400000000002,[25:35),Male,Swaziland,0.2807308970099668,2011.5,1.0
18,3c782597-b538-eb11-a2dd-c4346bcb7271,0.6,935.8,624.2,[25:35),Male,Swaziland,0.5908256880733945,2016.5,1.0
18,3c782597-b538-eb11-a2dd-c4346bcb7271,0.46,1045.2,1226.8000000000002,[35:45),Female,Swaziland,0.5456464379947229,2011.5,1.0
18,3c782597-b538-eb11-a2dd-c4346bcb7271,0.9,1184.5,132.49999999999997,[35:45),Female,Swaziland,0.9042851421706048,2016.5,1.0
18,3c782597-b538-eb11-a2dd-c4346bcb7271,0.4,491.40000000000003,736.6,[35:45),Male,Swaziland,0.4589460784313725,2011.5,1.0
18,3c782597-b538-eb11-a2dd-c4346bcb7271,0.76,586.96,186.04,[35:45),Male,Swaziland,0.7431578947368421,2016.5,1.0
